{
    "FT-Wpr": {
        "DC": 0.3431372549019608,
        "DOA": 0.2397987702627166,
        "DT": 0.19577308120133483,
        "NnA": 0.6134903640256959,
        "NnT": 0.5611814345991561
    },
    "SpSpecAug": {
        "DC": 0.3298059964726631,
        "DOA": 0.23364055299539171,
        "DT": 0.18518518518518517,
        "NnA": 0.6010362694300518,
        "NnT": 0.5114309906858594
    },
    "Whisper": {
        "DC": 0.3391494002181025,
        "DOA": 0.305757406372275,
        "DT": 0.23692992213570635,
        "NnA": 0.5231431646932185,
        "NnT": 0.4705251875669882
    },
    "SpAug": {
        "DC": 0.3368606701940035,
        "DOA": 0.252073732718894,
        "DT": 0.21296296296296297,
        "NnA": 0.6450777202072538,
        "NnT": 0.5478408128704487
    },
    "NoAug": {
        "DC": 0.37566137566137564,
        "DOA": 0.2585253456221198,
        "DT": 0.22592592592592592,
        "NnA": 0.6269430051813472,
        "NnT": 0.529212531752752
    }
}