{
    "SpAug": {
        "NnA": 1.0448315330652154,
        "DT": 0.6523516830411815,
        "DOA": 0.6030381037837034,
        "NnT": 0.824991568651569,
        "DC": 0.5956653266119547
    },
    "FT-Wpr": {
        "NnA": 1.018073131379834,
        "DT": 0.7201091496821922,
        "DOA": 0.6577915372536881,
        "NnT": 0.8917218039795058,
        "DC": 0.6434797442816336
    },
    "Whisper": {
        "NnA": 0.6520935644412935,
        "DT": 0.4829479820811602,
        "DOA": 0.40842526587431216,
        "NnT": 0.5425036578562047,
        "DC": 0.4075042425698791
    },
    "NoAug": {
        "NnA": 0.932284304385895,
        "DT": 0.6035211795997468,
        "DOA": 0.5657111969193251,
        "NnT": 0.7212025031692162,
        "DC": 0.5594703428598568
    },
    "SpSpecAug": {
        "NnA": 1.0727737225722738,
        "DT": 0.7238344140617697,
        "DOA": 0.6499399781512047,
        "NnT": 0.8465203937431879,
        "DC": 0.6331110255426823
    }
}