{
    "SpAug": {
        "DC": 0.35011879949543345,
        "DOA": 0.24301631740130245,
        "DT": 0.19651396402437174,
        "NnT": 0.6217257713724346,
        "NnA": 0.7035198327039016
    },
    "SpSpecAug": {
        "DC": 0.3592346049194085,
        "DOA": 0.24868693361904382,
        "DT": 0.1560463751295425,
        "NnT": 0.5771782751392793,
        "NnA": 0.6871683257769954
    },
    "NoAug": {
        "DC": 0.3976692191266617,
        "DOA": 0.24950245561363021,
        "DT": 0.22580392009839417,
        "NnT": 0.5709423992842576,
        "NnA": 0.6604453138619667
    },
    "FT-Wpr": {
        "DC": 0.3454051888900204,
        "DOA": 0.27001154648420844,
        "DT": 0.2109584085342367,
        "NnT": 0.6290893525258145,
        "NnA": 0.6608182822470074
    },
    "Whisper": {
        "DC": 0.39177399824254283,
        "DOA": 0.3142035899929461,
        "DT": 0.23746333703117445,
        "NnT": 0.5274452470749496,
        "NnA": 0.5942117986454062
    }
}