{
    "FT-Wpr": {
        "DC": 0.3703759612714367,
        "DOA": 0.31968078966519065,
        "DT": 0.279640638951103,
        "NnA": 0.6608182822470074,
        "NnT": 0.6290893525258145
    },
    "SpSpecAug": {
        "DC": 0.37464987479840467,
        "DOA": 0.3007774443557667,
        "DT": 0.23867711548435905,
        "NnA": 0.6871683257769954,
        "NnT": 0.5771782751392793
    },
    "Whisper": {
        "DC": 0.40135851399342776,
        "DOA": 0.34683000868297775,
        "DT": 0.29608060067739067,
        "NnA": 0.5942117986454062,
        "NnT": 0.5274452470749496
    },
    "SpAug": {
        "DC": 0.37370905592209586,
        "DOA": 0.30119967963734007,
        "DT": 0.2697468173049028,
        "NnA": 0.7035198327039016,
        "NnT": 0.6217257713724346
    },
    "NoAug": {
        "DC": 0.4053354275140435,
        "DOA": 0.3052172980976939,
        "DT": 0.28941620521620454,
        "NnA": 0.6604453138619667,
        "NnT": 0.5709423992842576
    }
}