{
    "SpAug": {
        "NnA": 0.7865044494990505,
        "DT": 0.23724756076606207,
        "DOA": 0.26671597347615084,
        "NnT": 0.664267152111583,
        "DC": 0.33397088715973705
    },
    "FT-Wpr": {
        "NnA": 0.7297657704360844,
        "DT": 0.23916499036025157,
        "DOA": 0.27638807234533613,
        "NnT": 0.6784330500460202,
        "DC": 0.3323800654503969
    },
    "Whisper": {
        "NnA": 0.5931721230936016,
        "DT": 0.2400040600916968,
        "DOA": 0.2837493333404518,
        "NnT": 0.4998101361030417,
        "DC": 0.32991658776116894
    },
    "NoAug": {
        "NnA": 0.7022876097162748,
        "DT": 0.24073990421250516,
        "DOA": 0.256520899271998,
        "NnT": 0.5721132660627465,
        "DC": 0.3448737870390769
    },
    "SpSpecAug": {
        "NnA": 0.8164857176331073,
        "DT": 0.226639516260365,
        "DOA": 0.2856454343358914,
        "NnT": 0.6510391115004706,
        "DC": 0.3611451896415142
    }
}