{
  "abs_min": {
    "Rd": {
      "NoAug": {
        "DC": 0.14973544973544972,
        "DOA": 0.0325994196961939,
        "DT": 0.0,
        "NnT": 0.30328660582682604,
        "NnA": 0.40101707925542124
      },
      "SpAug": {
        "DC": 0.12389770723104054,
        "DOA": 0.03911076975593103,
        "DT": 0.0,
        "NnT": 0.33487784990748576,
        "NnA": 0.4321147572442909
      },
      "SpSpecAug": {
        "DC": 0.14462081128747795,
        "DOA": 0.04845536781020654,
        "DT": 0.0,
        "NnT": 0.3262458055006742,
        "NnA": 0.41585108424486666
      },
      "FT-Wpr": {
        "DC": 0.14736417370062596,
        "DOA": 0.04402568906138177,
        "DT": 0.0,
        "NnT": 0.3654083533978213,
        "NnA": 0.41771728282436105
      },
      "Whisper": {
        "DC": 0.10221947808239618,
        "DOA": 0.06882748423656865,
        "DT": 0.0,
        "NnT": 0.23359526543128184,
        "NnA": 0.2862132425575122
      }
    },
    "HMI": {
      "NoAug": {
        "DC": 0.09878721765913756,
        "DOA": 0.0,
        "DT": 0.0009704368372197569,
        "NnT": 0.19427332877024872,
        "NnA": 0.2213201123959797
      },
      "SpAug": {
        "DC": 0.09367865296803657,
        "DOA": 0.026440887738741536,
        "DT": 0.0,
        "NnT": 0.2690258751902587,
        "NnA": 0.28145277577505406
      },
      "SpSpecAug": {
        "DC": 0.1292808219178082,
        "DOA": 0.07987117099378355,
        "DT": 0.0,
        "NnT": 0.2362252663622526,
        "NnA": 0.29265801490026433
      },
      "FT-Wpr": {
        "DC": 0.030800133913625738,
        "DOA": 0.039810704005464215,
        "DT": 0.0,
        "NnT": 0.21372994560352548,
        "NnA": 0.19874048806087646
      },
      "Whisper": {
        "DC": 0.12882352941176473,
        "DOA": 0.04201017811704838,
        "DT": 0.0,
        "NnT": 0.19121212121212122,
        "NnA": 0.23666666666666664
      }
    }
  },
  "abs_norm": {
    "Rd": {
      "NoAug": {
        "DC": -0.02759226116732849,
        "DOA": -0.14472829120658431,
        "DT": -0.1773277109027782,
        "NnT": 0.12595889492404783,
        "NnA": 0.22368936835264303
      },
      "SpAug": {
        "DC": -0.0621025095967091,
        "DOA": -0.1468894470718186,
        "DT": -0.18600021682774964,
        "NnT": 0.14887763307973612,
        "NnA": 0.24611454041654124
      },
      "SpSpecAug": {
        "DC": -0.04241380248116711,
        "DOA": -0.1385792459584385,
        "DT": -0.18703461376864505,
        "NnT": 0.13921119173202917,
        "NnA": 0.2288164704762216
      },
      "FT-Wpr": {
        "DC": -0.04753892609621202,
        "DOA": -0.1508774107354562,
        "DT": -0.19490309979683798,
        "NnT": 0.17050525360098334,
        "NnA": 0.2228141830275231
      },
      "Whisper": {
        "DC": -0.03595161597915564,
        "DOA": -0.06934360982498317,
        "DT": -0.1381710940615518,
        "NnT": 0.09542417136973003,
        "NnA": 0.14804214849596037
      }
    },
    "HMI": {
      "NoAug": {
        "DC": -0.004283001473379566,
        "DOA": -0.10307021913251713,
        "DT": -0.10209978229529737,
        "NnT": 0.0912031096377316,
        "NnA": 0.11824989326346258
      },
      "SpAug": {
        "DC": -0.04044098536638169,
        "DOA": -0.10767875059567672,
        "DT": -0.13411963833441826,
        "NnT": 0.13490623685584047,
        "NnA": 0.1473331374406358
      },
      "SpSpecAug": {
        "DC": -0.018326232917013574,
        "DOA": -0.06773588384103824,
        "DT": -0.14760705483482178,
        "NnT": 0.08861821152743082,
        "NnA": 0.14505096006544255
      },
      "FT-Wpr": {
        "DC": -0.06581612040307261,
        "DOA": -0.05680555031123413,
        "DT": -0.09661625431669835,
        "NnT": 0.11711369128682714,
        "NnA": 0.10212423374417812
      },
      "Whisper": {
        "DC": 0.009081030330244544,
        "DOA": -0.0777323209644718,
        "DT": -0.11974249908152018,
        "NnT": 0.07146962213060104,
        "NnA": 0.11692416758514645
      }
    }
  },
  "rel_min": {
    "Rd": {
      "NoAug": {
        "DC": 0.6627634660421545,
        "DOA": 0.14429251340938284,
        "DT": 0.0,
        "NnT": 1.3424161241515251,
        "NnA": 1.7749936294912088
      },
      "SpAug": {
        "DC": 0.5817805383022774,
        "DOA": 0.18365057102785004,
        "DT": 0.0,
        "NnT": 1.5724699039134113,
        "NnA": 2.0290605992340613
      },
      "SpSpecAug": {
        "DC": 0.780952380952381,
        "DOA": 0.26165898617511535,
        "DT": 0.0,
        "NnT": 1.761727349703641,
        "NnA": 2.2455958549222803
      },
      "FT-Wpr": {
        "DC": 0.7527295008912656,
        "DOA": 0.22488121855785345,
        "DT": 0.0,
        "NnT": 1.866489259685462,
        "NnA": 2.133680893517617
      },
      "Whisper": {
        "DC": 0.4314333840191275,
        "DOA": 0.2904972222003531,
        "DT": 0.0,
        "NnT": 0.9859255569141895,
        "NnA": 1.2080080049727862
      }
    },
    "HMI": {
      "NoAug": {
        "DC": 0.23699199507389157,
        "DOA": 0.0,
        "DT": 0.0023280923139212886,
        "NnT": 0.466064586754242,
        "NnA": 0.5309502203785326
      },
      "SpAug": {
        "DC": 0.25327932098765443,
        "DOA": 0.07148832610844934,
        "DT": 0.0,
        "NnT": 0.7273662551440329,
        "NnA": 0.7609649122807017
      },
      "SpSpecAug": {
        "DC": 0.4194444444444444,
        "DOA": 0.25913757700205325,
        "DT": 0.0,
        "NnT": 0.7664197530864195,
        "NnA": 0.949512670565302
      },
      "FT-Wpr": {
        "DC": 0.07377706495589421,
        "DOA": 0.09536052354797242,
        "DT": 0.0,
        "NnT": 0.5119577766782122,
        "NnA": 0.4760527969830297
      },
      "Whisper": {
        "DC": 0.2995896032831738,
        "DOA": 0.09769808864429856,
        "DT": 0.0,
        "NnT": 0.44467935165609584,
        "NnA": 0.5503875968992248
      }
    }
  },
  "rel_norm": {
    "Rd": {
      "NoAug": {
        "DC": -0.06842408511010963,
        "DOA": -0.3589013910569209,
        "DT": -0.43974237231269975,
        "NnT": 0.3123565007736141,
        "NnA": 0.5547113477061157
      },
      "SpAug": {
        "DC": -0.1556597519332153,
        "DOA": -0.3681779535366487,
        "DT": -0.4662089792980929,
        "NnT": 0.3731613357348768,
        "NnA": 0.6168853490330801
      },
      "SpSpecAug": {
        "DC": -0.11394827088826641,
        "DOA": -0.3723048756351291,
        "DT": -0.502484323226032,
        "NnT": 0.37400265145298406,
        "NnA": 0.6147348182964436
      },
      "FT-Wpr": {
        "DC": -0.12168370739867133,
        "DOA": -0.3861955708432654,
        "DT": -0.49888656968761946,
        "NnT": 0.4364362658745781,
        "NnA": 0.5703295820549786
      },
      "Whisper": {
        "DC": -0.0958451575088493,
        "DOA": -0.18486649417264372,
        "DT": -0.36835702409531834,
        "NnT": 0.25439592869444094,
        "NnA": 0.3946727470823698
      }
    },
    "HMI": {
      "NoAug": {
        "DC": -0.008237998763707939,
        "DOA": -0.19824703378371558,
        "DT": -0.19638047886540386,
        "NnT": 0.17542163109486475,
        "NnA": 0.2274438803179628
      },
      "SpAug": {
        "DC": -0.08024281233340903,
        "DOA": -0.2136556688237272,
        "DT": -0.2661195535072176,
        "NnT": 0.2676803185816683,
        "NnA": 0.2923377160826848
      },
      "SpSpecAug": {
        "DC": -0.040204427901695594,
        "DOA": -0.14860023173209963,
        "DT": -0.32382308032213386,
        "NnT": 0.19441226750011206,
        "NnA": 0.31821547245581655
      },
      "FT-Wpr": {
        "DC": -0.12802401641549116,