{"abs_min": {"NoAug": {"DC": 0.14973544973544972, "DOA": 0.0325994196961939, "DT": 0.0, "NnT": 0.30328660582682604, "NnA": 0.40101707925542124}, "SpAug": {"DC": 0.12389770723104054, "DOA": 0.03911076975593103, "DT": 0.0, "NnT": 0.33487784990748576, "NnA": 0.4321147572442909}, "SpSpecAug": {"DC": 0.14462081128747795, "DOA": 0.04845536781020654, "DT": 0.0, "NnT": 0.3262458055006742, "NnA": 0.41585108424486666}, "FT-Wpr": {"DC": 0.14736417370062596, "DOA": 0.04402568906138177, "DT": 0.0, "NnT": 0.3654083533978213, "NnA": 0.41771728282436105}, "Whisper": {"DC": 0.10221947808239618, "DOA": 0.06882748423656865, "DT": 0.0, "NnT": 0.23359526543128184, "NnA": 0.2862132425575122}}, "abs_norm": {"NoAug": {"DC": -0.02759226116732849, "DOA": -0.14472829120658431, "DT": -0.1773277109027782, "NnT": 0.12595889492404783, "NnA": 0.22368936835264303}, "SpAug": {"DC": -0.0621025095967091, "DOA": -0.1468894470718186, "DT": -0.18600021682774964, "NnT": 0.14887763307973612, "NnA": 0.24611454041654124}, "SpSpecAug": {"DC": -0.04241380248116711, "DOA": -0.1385792459584385, "DT": -0.18703461376864505, "NnT": 0.13921119173202917, "NnA": 0.2288164704762216}, "FT-Wpr": {"DC": -0.04753892609621202, "DOA": -0.1508774107354562, "DT": -0.19490309979683798, "NnT": 0.17050525360098334, "NnA": 0.2228141830275231}, "Whisper": {"DC": -0.03595161597915564, "DOA": -0.06934360982498317, "DT": -0.1381710940615518, "NnT": 0.09542417136973003, "NnA": 0.14804214849596037}}, "rel_min": {"NoAug": {"DC": 0.6627634660421545, "DOA": 0.14429251340938284, "DT": 0.0, "NnT": 1.3424161241515251, "NnA": 1.7749936294912088}, "SpAug": {"DC": 0.5817805383022774, "DOA": 0.18365057102785004, "DT": 0.0, "NnT": 1.5724699039134113, "NnA": 2.0290605992340613}, "SpSpecAug": {"DC": 0.780952380952381, "DOA": 0.26165898617511535, "DT": 0.0, "NnT": 1.761727349703641, "NnA": 2.2455958549222803}, "FT-Wpr": {"DC": 0.7527295008912656, "DOA": 0.22488121855785345, "DT": 0.0, "NnT": 1.866489259685462, "NnA": 2.133680893517617}, "Whisper": {"DC": 0.4314333840191275, "DOA": 0.2904972222003531, "DT": 0.0, "NnT": 0.9859255569141895, "NnA": 1.2080080049727862}}, "rel_norm": {"NoAug": {"DC": -0.06842408511010963, "DOA": -0.3589013910569209, "DT": -0.43974237231269975, "NnT": 0.3123565007736141, "NnA": 0.5547113477061157}, "SpAug": {"DC": -0.1556597519332153, "DOA": -0.3681779535366487, "DT": -0.4662089792980929, "NnT": 0.3731613357348768, "NnA": 0.6168853490330801}, "SpSpecAug": {"DC": -0.11394827088826641, "DOA": -0.3723048756351291, "DT": -0.502484323226032, "NnT": 0.37400265145298406, "NnA": 0.6147348182964436}, "FT-Wpr": {"DC": -0.12168370739867133, "DOA": -0.3861955708432654, "DT": -0.49888656968761946, "NnT": 0.4364362658745781, "NnA": 0.5703295820549786}, "Whisper": {"DC": -0.0958451575088493, "DOA": -0.18486649417264372, "DT": -0.36835702409531834, "NnT": 0.25439592869444094, "NnA": 0.3946727470823698}}}